7.9_raw.csv_filtered_by_correlation15_SNR20_all_replacement_strategy_1,2022-11-26 23:05:48.265029
7.9_raw.csv_filtered_by_correlation15_SNR20_individual_replacement_strategy_1,2022-11-26 23:05:48.314918
7.6_raw.csv_filtered_by_correlation15_SNR20_all_replacement_strategy_1,2022-11-26 23:05:48.384736
7.6_raw.csv_filtered_by_correlation15_SNR20_individual_replacement_strategy_1,2022-11-26 23:05:48.446432
7.2_raw.csv_filtered_by_correlation15_SNR20_all_replacement_strategy_1,2022-11-26 23:05:48.520265
7.2_raw.csv_filtered_by_correlation15_SNR20_individual_replacement_strategy_1,2022-11-26 23:05:48.572108
Complete Duration,0:00:59.175967
7.9_raw.csv_filtered_by_correlation15_all_replacement_strategy_3,2022-11-30 15:35:33.237790
7.9_raw.csv_filtered_by_correlation15_individual_replacement_strategy_3,2022-11-30 15:35:33.350228
7.6_raw.csv_filtered_by_correlation15_all_replacement_strategy_3,2022-11-30 15:35:33.452607
7.6_raw.csv_filtered_by_correlation15_individual_replacement_strategy_3,2022-11-30 15:35:33.533791
7.2_raw.csv_filtered_by_correlation15_all_replacement_strategy_3,2022-11-30 15:35:33.641995
7.2_raw.csv_filtered_by_correlation15_individual_replacement_strategy_3,2022-11-30 15:35:33.801726
Complete Duration,0:00:00.785038
7.9_raw.csv_filtered_by_correlation20_all_replacement_strategy_2,2022-11-30 19:50:23.492453
7.9_raw.csv_filtered_by_correlation20_individual_replacement_strategy_2,2022-11-30 19:50:23.774972
7.6_raw.csv_filtered_by_correlation20_all_replacement_strategy_2,2022-11-30 19:50:24.140235
7.6_raw.csv_filtered_by_correlation20_individual_replacement_strategy_2,2022-11-30 19:50:24.416869
7.2_raw.csv_filtered_by_correlation20_all_replacement_strategy_2,2022-11-30 19:50:24.771067
7.2_raw.csv_filtered_by_correlation20_individual_replacement_strategy_2,2022-11-30 19:50:25.056469
Complete Duration,0:00:02.149315
